no_paths,no_points,drawing
5,883,car
4,596,fish
8,571,house
3,575,tree
5,586,bicycle
6,1214,guitar
5,527,pencil
3,588,clock
7,715,car
3,361,fish
7,455,house
3,520,tree
6,500,bicycle
6,1034,guitar
5,357,pencil
4,371,clock
5,680,car
19,447,fish
14,219,house
13,286,tree
23,432,bicycle
17,348,guitar
7,161,pencil
22,410,clock
14,283,guitar
11,211,pencil
2,87,clock
16,889,car
18,725,fish
27,957,house
24,815,tree
28,800,bicycle
9,546,guitar
5,326,pencil
10,546,clock
10,682,car
7,482,fish
13,500,house
4,336,tree
14,288,bicycle
24,778,guitar
11,188,pencil
12,302,clock
3,190,car
1,208,fish
3,184,house
40,1638,tree
20,633,bicycle
10,569,guitar
4,241,pencil
4,222,clock
4,469,car
3,365,fish
15,470,house
4,363,tree
18,721,bicycle
10,628,guitar
7,282,pencil
18,316,clock
7,695,car
3,369,fish
11,780,house
2,446,tree
17,502,bicycle
12,1260,guitar
6,235,pencil
8,477,clock
17,291,car
12,176,fish
11,153,house
3,168,tree
20,285,bicycle
12,256,guitar
14,140,pencil
3,104,clock
3,391,car
1,278,fish
7,623,house
3,263,tree
9,411,bicycle
7,478,guitar
2,234,pencil
7,190,clock
15,1402,car
13,746,fish
39,1712,house
11,713,tree
21,1421,bicycle
15,980,guitar
12,701,pencil
22,1267,clock
6,378,car
4,361,fish
8,393,house
3,123,tree
9,241,bicycle
9,267,guitar
2,220,pencil
3,101,clock
15,1355,car
5,129,fish
12,378,house
4,306,tree
10,613,bicycle
16,861,guitar
5,213,pencil
30,1794,clock
5,320,fish
23,1286,house
3,232,tree
7,275,bicycle
5,628,guitar
8,238,pencil
4,228,clock
7,302,car
7,297,house
3,116,tree
7,103,bicycle
1,159,guitar
4,45,clock
7,632,car
6,268,fish
13,400,house
3,163,tree
8,181,bicycle
4,285,guitar
3,119,pencil
3,119,clock
5,390,car
5,325,fish
6,534,house
4,401,tree
4,374,bicycle
15,968,guitar
14,1003,pencil
8,495,clock
10,1249,car
9,802,fish
6,421,house
4,342,tree
7,740,bicycle
6,695,guitar
4,632,pencil
2,314,clock
10,814,car
16,567,fish
15,727,house
5,593,tree
11,610,bicycle
19,1146,guitar
6,238,pencil
4,322,clock
6,659,car
12,960,fish
15,998,house
6,618,tree
7,434,bicycle
5,502,guitar
2,330,pencil
8,690,car
10,492,fish
19,487,house
5,444,tree
23,848,bicycle
17,594,guitar
12,448,pencil
13,443,clock
13,762,car
9,428,fish
13,848,house
3,204,tree
6,312,bicycle
8,419,guitar
10,373,pencil
8,228,clock
17,765,car
52,378,fish
14,538,house
11,345,tree
13,301,bicycle
17,564,guitar
14,306,pencil
12,236,clock
17,885,car
7,430,fish
6,415,house
11,1002,tree
6,369,bicycle
7,319,clock
3,884,car
4,407,fish
8,931,house
10,634,tree
8,732,bicycle
10,1248,guitar
5,797,pencil
3,261,clock
4,487,car
3,234,fish
6,306,house
2,611,tree
11,479,bicycle
4,314,guitar
11,259,pencil
6,222,clock
4,649,car
3,321,fish
12,796,house
20,908,bicycle
19,1282,guitar
7,402,pencil
17,775,clock
1,579,car
2,338,fish
4,532,house
1,479,tree
6,429,bicycle
5,772,guitar
1,204,pencil
9,624,clock
5,762,car
3,675,fish
7,528,house
3,443,tree
15,876,bicycle
17,1597,guitar
5,478,pencil
2,312,clock
7,1321,car
4,554,fish
11,808,house
13,996,tree
6,593,bicycle
4,739,guitar
2,245,pencil
3,235,clock
15,622,car
7,471,fish
31,1006,house
3,378,tree
45,1771,bicycle
11,1181,guitar
5,327,pencil
23,810,clock
25,1936,car
6,442,fish
16,682,house
10,272,tree
42,1787,bicycle
26,1569,guitar
21,1031,pencil
37,936,clock
18,734,car
4,534,fish
20,915,house
4,305,tree
31,776,bicycle
7,536,guitar
5,154,pencil
6,460,clock
1,596,car
1,386,fish
3,300,house
2,417,tree
11,903,bicycle
2,580,guitar
1,282,pencil
13,168,clock
8,1352,car
21,3244,fish
15,1356,house
9,1353,tree
14,1726,bicycle
7,1285,guitar
6,499,pencil
23,1322,clock
9,801,car
7,465,fish
12,506,house
15,442,tree
16,573,bicycle
20,1028,guitar
4,336,pencil
16,340,clock
5,423,car
11,279,fish
28,437,house
7,630,tree
26,829,bicycle
16,460,guitar
10,198,pencil
8,258,clock
6,442,car
5,253,fish
17,394,house
4,566,tree
22,444,bicycle
6,612,guitar
9,312,pencil
16,466,clock
10,444,car
6,452,fish
15,492,house
3,366,tree
12,269,bicycle
12,684,guitar
9,355,pencil
21,655,clock
11,723,car
9,345,fish
10,187,house
4,272,tree
14,512,bicycle
13,809,guitar
11,340,pencil
17,757,clock
6,385,car
5,327,fish
11,307,house
1,308,tree
6,158,bicycle
4,264,guitar
6,213,pencil
7,220,clock
11,906,car
13,295,fish
26,811,house
12,1100,tree
26,1175,bicycle
14,580,guitar
5,297,pencil
24,674,clock
10,2209,car
5,1450,fish
9,1241,house
4,1306,tree
11,1821,bicycle
5,1439,guitar
6,825,pencil
23,2897,clock
5,664,car
6,430,fish
6,449,house
3,372,tree
16,719,bicycle
16,1250,guitar
6,404,pencil
15,371,clock
7,1336,car
6,916,fish
21,1156,house
10,999,tree
12,1234,bicycle
16,1146,guitar
11,871,pencil
8,622,clock
6,520,car
2,238,fish
4,306,house
2,417,tree
10,409,bicycle
14,813,guitar
4,293,pencil
9,390,clock
17,291,car
19,496,fish
29,258,house
18,447,tree
47,547,bicycle
13,175,guitar
13,85,pencil
53,339,clock
3,272,car
3,83,fish
13,170,house
8,161,tree
9,127,bicycle
8,256,guitar
6,135,pencil
14,106,clock
5,201,car
9,148,fish
10,156,house
9,213,tree
11,189,bicycle
19,534,guitar
11,122,pencil
7,54,clock
6,514,car
6,368,fish
5,344,house
3,158,tree
16,328,bicycle
8,534,guitar
9,360,pencil
10,297,clock
8,348,car
9,530,fish
13,606,house
12,665,tree
19,1082,bicycle
15,976,guitar
8,327,pencil
23,832,clock
12,469,car
4,281,fish
20,762,house
4,291,tree
23,821,bicycle
12,501,guitar
9,352,pencil
3,132,clock
11,805,car
7,414,fish
8,778,house
12,711,tree
8,719,bicycle
6,758,guitar
7,416,pencil
27,1179,clock
6,482,car
7,211,fish
21,501,house
4,171,tree
22,439,bicycle
11,541,guitar
7,144,pencil
14,128,clock
7,370,car
5,505,fish
20,438,house
8,249,tree
8,310,bicycle
12,790,guitar
10,488,pencil
7,221,clock
30,2110,car
27,1247,fish
30,1412,house
17,1249,tree
21,2067,bicycle
29,1400,guitar
60,2165,pencil
23,4076,clock
8,425,car
5,307,fish
19,1095,house
10,647,tree
26,1215,bicycle
19,776,guitar
4,279,pencil
9,274,clock
11,776,car
15,828,fish
19,978,house
2,964,tree
25,874,bicycle
14,676,guitar
8,572,pencil
20,869,clock
6,450,car
2,286,fish
11,612,house
3,289,tree
9,479,bicycle
15,497,guitar
7,144,pencil
9,365,clock
8,995,car
4,439,fish
1,459,house
1,580,tree
11,503,bicycle
11,1097,guitar
13,730,pencil
17,513,clock
12,2071,car
19,1033,fish
45,2029,house
7,1544,tree
30,1846,bicycle
42,2001,guitar
7,248,pencil
22,792,clock
31,1292,car
3,705,fish
35,1588,house
142,4246,tree
32,1216,bicycle
26,2546,guitar
4,508,pencil
35,1303,clock
11,499,car
3,215,fish
5,262,house
3,387,tree
21,395,bicycle
9,680,guitar
7,138,pencil
15,159,clock
3,441,car
2,546,fish
3,318,house
5,746,tree
6,150,bicycle
3,506,guitar
4,110,pencil
9,306,clock
8,592,car
11,488,fish
13,545,house
15,597,tree
13,510,bicycle
5,718,guitar
7,410,pencil
10,508,clock
7,293,car
3,347,fish
10,196,house
7,328,tree
6,186,bicycle
5,444,guitar
7,210,pencil
3,90,clock
18,712,car
10,547,fish
12,404,house
12,693,tree
10,524,bicycle
7,631,guitar
6,286,pencil
2,226,clock
26,1053,car
79,1420,house
25,1592,tree
37,1844,bicycle
24,1181,guitar
18,413,pencil
21,463,clock
7,1177,car
4,939,fish
15,1264,house
7,1642,tree
9,1211,bicycle
9,1156,guitar
7,672,pencil
5,556,clock
22,562,car
2,391,fish
7,558,house
13,740,tree
18,443,bicycle
13,516,guitar
1,49,pencil
3,384,clock
13,725,car
9,494,fish
30,1568,house
18,905,tree
28,1759,bicycle
24,1473,guitar
16,778,pencil
26,1361,clock
45,2487,car
14,937,fish
27,1270,house
43,835,tree
25,1135,bicycle
19,1260,guitar
13,630,clock
7,1435,car
6,742,fish
22,1262,house
1,469,tree
18,1068,bicycle
18,1120,guitar
7,384,pencil
15,353,clock
20,1471,car
23,1197,fish
36,2169,house
26,1424,tree
24,1928,bicycle
19,1109,guitar
9,830,clock
22,1057,car
74,3140,fish
151,3153,house
193,1893,tree
23,970,guitar
10,286,pencil
33,5556,clock
15,894,car
17,334,fish
9,482,house
6,256,tree
9,321,bicycle
9,476,guitar
4,230,pencil
17,408,clock
4,665,car
4,242,fish
10,499,house
4,204,tree
8,221,bicycle
10,510,guitar
4,104,pencil
3,169,clock
6,399,car
3,208,fish
6,642,house
3,299,tree
14,470,bicycle
4,460,guitar
3,350,pencil
2,123,clock
8,759,car
10,260,fish
16,677,house
3,189,tree
24,863,bicycle
13,955,guitar
6,198,pencil
19,595,clock
36,2013,car
19,669,fish
18,827,house
15,716,tree
28,1196,bicycle
21,1334,guitar
18,655,pencil
27,1628,clock
6,343,car
10,159,fish
9,253,house
5,227,tree
7,200,bicycle
4,348,guitar
5,163,pencil
8,195,clock
8,467,car
4,180,fish
8,246,house
5,200,tree
11,385,bicycle
10,458,guitar
7,189,pencil
6,154,clock
7,488,car
15,938,fish
19,513,house
16,196,tree
16,647,bicycle
10,930,guitar
8,572,pencil
21,429,clock
17,673,car
18,738,fish
23,945,house
36,960,tree
23,1106,bicycle
18,1026,guitar
6,557,pencil
33,1238,clock
11,481,car
15,348,fish
19,613,house
30,717,tree
30,458,bicycle
12,661,guitar
17,375,pencil
16,185,clock
8,382,car
7,184,fish
15,363,house
1,332,tree
15,340,bicycle
11,438,guitar
7,265,clock
3,465,car
1,214,fish
3,176,house
3,166,tree
7,255,bicycle
5,179,guitar
1,135,pencil
4,79,clock
26,1092,car
3,176,fish
7,258,house
2,391,tree
6,455,bicycle
19,598,guitar
4,182,pencil
18,513,clock
6,469,car
13,477,fish
13,481,house
9,341,tree
13,514,bicycle
9,425,guitar
3,250,pencil
7,195,clock
10,1039,car
4,352,fish
11,1073,house
4,579,tree
8,590,bicycle
6,797,guitar
10,559,pencil
5,457,clock
13,860,car
7,331,fish
19,1200,house
19,971,tree
16,601,bicycle
18,1233,guitar
11,296,pencil
44,1304,clock
14,1310,car
4,716,fish
31,1377,house
7,475,tree
14,824,bicycle
16,1101,guitar
9,515,pencil
7,247,clock
10,784,car
8,441,fish
9,273,house
14,305,tree
11,331,bicycle
11,776,guitar
8,155,pencil
8,244,clock
3,669,car
13,598,fish
5,673,house
3,479,tree
13,799,bicycle
8,1147,guitar
11,798,pencil
3,354,clock
7,284,car
7,295,fish
15,272,house
5,155,tree
10,264,bicycle
9,408,guitar
4,342,pencil
6,62,clock
8,1103,car
4,388,fish
10,525,house
3,276,tree
8,526,bicycle
9,922,guitar
6,441,pencil
4,227,clock
39,2092,car
18,970,fish
23,755,house
19,1338,tree
18,1318,bicycle
31,1592,guitar
13,613,pencil
20,809,clock
8,380,car
4,229,fish
9,312,house
3,174,tree
9,299,bicycle
7,467,guitar
6,368,pencil
5,188,clock
7,734,car
8,501,fish
6,575,house
12,822,tree
6,974,bicycle
11,814,guitar
3,402,pencil
7,647,clock
11,1523,car
8,290,fish
10,449,house
33,954,tree
25,989,bicycle
12,1198,guitar
13,722,pencil
23,1012,clock
13,1165,car
5,487,fish
21,1710,house
50,1422,tree
42,2637,bicycle
13,1178,guitar
8,588,pencil
29,1414,clock
14,597,car
4,254,fish
16,699,house
5,323,tree
9,430,bicycle
12,675,guitar
1,145,pencil
3,191,clock
23,536,car
11,191,fish
11,545,house
3,360,tree
35,403,bicycle
18,978,guitar
2,177,pencil
16,439,clock
4,424,car
12,454,fish
12,445,house
11,441,tree
9,326,bicycle
14,666,guitar
8,213,pencil
2,129,clock
23,1038,car
19,686,fish
16,793,house
12,451,tree
19,736,bicycle
25,1458,guitar
12,556,pencil
8,922,clock
1,626,car
5,684,fish
7,728,house
2,391,tree
6,450,bicycle
3,706,guitar
1,346,pencil
7,328,clock
6,637,car
8,492,fish
27,820,house
4,453,tree
8,513,bicycle
8,902,guitar
6,268,pencil
6,324,clock
6,667,car
6,444,fish
10,1002,house
2,610,tree
4,559,bicycle
9,937,guitar
9,424,pencil
4,252,clock
9,654,car
7,294,fish
6,712,house
3,184,tree
3,383,bicycle
16,638,guitar
8,218,pencil
22,506,clock
12,1953,car
16,1453,fish
11,1210,house
14,1836,tree
28,2999,bicycle
27,2248,guitar
5,1002,pencil
30,1347,clock
7,658,car
11,387,fish
12,538,house
13,332,tree
9,407,bicycle
17,587,guitar
5,184,clock
12,616,car
19,666,fish
18,542,house
22,495,tree
37,899,bicycle
19,911,guitar
16,401,pencil
22,633,clock
4,592,car
3,533,fish
7,688,house
6,279,tree
7,518,bicycle
9,702,guitar
2,242,pencil
2,180,clock
7,902,car
9,786,house
4,523,tree
10,1248,bicycle
9,1699,guitar
9,630,pencil
17,671,clock
10,608,car
14,805,fish
17,782,house
17,682,tree
12,388,bicycle
7,376,guitar
4,149,pencil
16,277,clock
3,203,car
2,131,fish
2,74,house
3,94,tree
7,151,bicycle
5,207,guitar
1,64,pencil
4,76,clock
8,501,car
6,552,fish
6,363,house
5,428,tree
11,447,bicycle
6,399,guitar
2,121,pencil
3,152,clock
23,1211,car
12,454,fish
33,1491,house
216,2618,tree
23,1223,bicycle
15,985,guitar
9,464,pencil
9,524,clock
16,825,car
18,678,fish
9,430,house
2,195,tree
24,580,bicycle
21,872,guitar
6,270,pencil
18,557,clock
11,268,car
5,273,fish
19,371,house
3,171,tree
20,283,bicycle
7,117,guitar
5,152,pencil
15,282,clock
26,3572,car
58,1524,fish
10,871,house
21,821,tree
28,1390,bicycle
8,1026,guitar
7,628,pencil
10,705,clock
19,3430,car
4,495,fish
18,2564,house
20,4108,tree
23,1730,bicycle
7,1015,guitar
5,1371,pencil
15,618,clock
25,2078,car
16,1262,fish
65,3048,house
55,2242,tree
44,1953,bicycle
37,1737,guitar
13,668,pencil
23,1247,clock
6,1138,car
7,855,fish
7,996,house
5,727,tree
6,900,bicycle
4,844,guitar
4,505,pencil
3,301,clock
5,522,car
3,300,fish
7,243,house
5,279,tree
10,526,bicycle
7,629,guitar
2,139,pencil
2,175,clock
3,493,car
6,292,fish
11,712,house
2,306,tree
12,563,bicycle
9,401,guitar
2,147,pencil
4,180,clock
18,972,car
14,869,fish
13,857,house
8,700,tree
31,1477,bicycle
10,873,guitar
6,540,pencil
11,756,clock
4,695,car
5,289,fish
14,828,house
3,245,tree
12,439,bicycle
7,767,guitar
3,246,pencil
6,199,clock
15,720,car
8,383,fish
13,356,house
15,352,tree
38,602,bicycle
30,831,guitar
30,513,pencil
16,386,clock
11,1612,car
17,1047,fish
9,771,house
11,512,tree
35,1338,bicycle
21,1341,guitar
8,223,pencil
24,1419,clock
22,1394,car
4,198,fish
3,193,house
3,131,tree
9,398,bicycle
15,358,guitar
4,142,pencil
14,633,clock
14,1721,car
13,1463,fish
16,792,house
16,807,tree
24,1856,bicycle
27,2075,guitar
7,593,pencil
5,432,clock
4,413,car
6,266,fish
4,244,house
5,428,tree
32,567,bicycle
7,434,guitar
6,313,pencil
14,545,clock
7,463,car
3,113,fish
16,378,house
3,131,tree
16,227,bicycle
8,585,guitar
5,307,pencil
18,210,clock
3,527,car
14,244,fish
9,416,house
1,168,tree
9,393,bicycle
6,264,guitar
5,218,pencil
4,118,clock
12,1018,car
4,479,fish
4,486,house
11,403,tree
5,539,bicycle
10,1109,guitar
4,330,pencil
4,484,clock
12,710,car
10,743,fish
18,877,house
6,912,tree
22,894,bicycle
24,751,guitar
10,326,pencil
31,1372,clock
8,707,car
3,394,fish
21,905,house
3,358,tree
8,494,bicycle
13,1002,guitar
2,335,pencil
8,655,clock
10,944,car
24,1191,fish
9,1176,house
6,2261,tree
27,1822,bicycle
23,2273,guitar
9,1279,pencil
21,1241,clock
1,232,car
3,400,fish
6,548,house
1,380,tree
7,413,bicycle
11,601,guitar
4,215,pencil
12,384,clock
19,753,car
10,461,fish
6,300,house
1,232,tree
6,235,bicycle
7,422,guitar
4,217,pencil
19,484,clock
11,825,car
4,328,fish
9,598,house
4,295,tree
12,546,bicycle
18,1311,guitar
5,235,pencil
12,443,clock
5,766,car
3,321,fish
25,575,house
3,308,tree
12,252,bicycle
10,637,guitar
8,266,pencil
10,431,clock
4,804,car
7,709,fish
9,758,house
97,2081,tree
9,728,bicycle
7,1190,guitar
9,618,pencil
14,985,clock
5,818,car
2,278,fish
1,199,house
2,119,tree
9,243,bicycle
17,1069,guitar
7,477,pencil
23,640,clock
3,549,car
5,520,fish
11,610,house
3,421,tree
16,805,bicycle
16,1070,guitar
4,263,pencil
34,579,clock
21,1236,car
6,303,fish
14,790,house
6,572,tree
29,1503,bicycle
12,877,guitar
10,542,pencil
19,612,clock
9,613,car
3,297,fish
3,349,house
28,425,tree
18,708,bicycle
5,835,guitar
2,237,pencil
20,445,clock
25,1899,car
23,1735,fish
32,2860,house
10,594,tree
46,4796,bicycle
20,1946,guitar
10,1268,pencil
13,1407,clock
11,1515,car
13,1057,fish
12,555,house
5,486,tree
19,1316,bicycle
8,1225,guitar
1,485,pencil
8,601,clock
20,769,car
50,1118,fish
8,381,house
3,319,tree
31,1213,bicycle
30,1752,guitar
6,372,pencil
11,277,clock
8,1091,car
4,394,fish
13,448,house
2,307,tree
6,305,bicycle
6,552,guitar
3,212,pencil
10,206,clock
4,974,car
4,850,fish
7,866,house
9,435,tree
12,386,bicycle
10,599,guitar
9,985,pencil
20,660,clock
38,519,car
22,205,fish
25,457,house
16,296,tree
9,242,bicycle
22,518,guitar
8,125,pencil
38,392,clock
57,3954,car
16,1076,fish
67,2825,house
33,1385,tree
35,1388,bicycle
17,944,guitar
36,1527,pencil
19,1104,clock
14,1122,car
8,470,fish
7,358,house
5,425,tree
20,557,bicycle
11,1037,guitar
7,405,pencil
15,267,clock
7,267,car
12,180,fish
15,189,house
3,144,tree
22,282,bicycle
18,417,guitar
8,113,pencil
14,137,clock
10,881,car
3,221,fish
9,508,house
9,508,tree
8,387,bicycle
15,755,guitar
5,239,pencil
6,207,clock
27,693,house
20,562,tree
35,927,bicycle
18,916,guitar
15,412,pencil
8,411,clock
12,772,car
16,652,fish
28,913,house
13,511,tree
18,806,bicycle
13,859,guitar
7,470,pencil
12,557,clock
7,325,car
7,367,fish
12,362,house
3,189,tree
12,468,bicycle
7,395,guitar
3,154,pencil
11,149,clock
3,245,car
2,148,fish
1,124,house
1,113,tree
4,109,bicycle
1,64,guitar
1,118,pencil
7,128,clock
1,171,car
8,555,fish
2,302,house
3,573,tree
16,2047,bicycle
3,973,guitar
1,382,pencil
2,297,clock
22,1157,car
13,264,fish
12,425,house
3,106,tree
27,914,bicycle
13,697,guitar
7,230,pencil
16,221,clock
14,996,car
10,472,fish
15,544,house
4,179,tree
31,613,bicycle
11,538,guitar
14,474,pencil
7,235,clock
5,395,car
3,252,fish
6,128,house
3,143,tree
16,256,bicycle
11,189,guitar
6,147,pencil
22,367,clock
11,1096,car
4,458,fish
11,691,house
1,790,tree
20,879,bicycle
9,1066,guitar
5,420,pencil
22,1006,clock
17,1767,car
20,779,fish
16,1629,house
9,1196,tree
26,1470,bicycle
25,1645,guitar
8,728,pencil
26,1448,clock
6,790,car
5,367,fish
7,726,house
3,550,tree
5,365,bicycle
6,599,guitar
2,230,pencil
4,233,clock
18,803,car
7,186,fish
10,351,house
3,159,tree
18,515,bicycle
6,311,guitar
7,205,clock
3,592,car
5,289,fish
8,536,house
5,300,tree
8,399,bicycle
10,736,guitar
6,263,pencil
2,332,fish
6,298,house
5,236,tree
27,769,bicycle
8,485,guitar
9,263,pencil
17,390,clock
7,539,car
3,206,fish
25,345,house
5,59,tree
31,376,bicycle
13,204,guitar
9,103,pencil
11,163,clock
5,1464,car
3,450,fish
5,876,house
3,589,tree
9,615,bicycle
8,1236,guitar
3,304,pencil
2,261,clock
8,1345,car
11,776,fish
10,641,house
20,1234,tree
10,410,bicycle
12,1044,guitar
6,406,pencil
8,617,clock
6,435,car
17,422,fish
14,367,house
11,315,tree
17,436,bicycle
7,366,guitar
7,204,pencil
10,156,clock
14,1176,car
6,635,fish
16,1046,house
28,730,tree
21,898,bicycle
26,1019,guitar
7,612,pencil
26,1113,clock
24,1387,car
13,810,fish
13,984,house
11,1075,tree
20,909,bicycle
17,1202,guitar
10,401,pencil
20,375,clock
7,566,car
9,272,fish
8,483,house
21,453,tree
19,609,bicycle
20,564,guitar
4,323,pencil
12,486,clock
23,1761,car
98,3953,fish
32,1674,house
29,3218,tree
29,1500,bicycle
17,1404,guitar
9,553,pencil
15,845,clock
9,646,car
3,309,fish
4,208,house
3,194,tree
8,465,bicycle
7,569,guitar
3,307,pencil
10,380,clock
12,1062,car
11,1351,fish
8,276,house
1,184,tree
8,214,bicycle
3,373,guitar
2,175,pencil
3,113,clock
9,639,car
5,294,fish
13,581,house
8,357,tree
16,389,bicycle
13,851,guitar
7,238,pencil
18,574,clock
16,1929,car
14,888,fish
21,2695,house
45,3157,tree
26,2052,bicycle
20,4253,guitar
12,1060,pencil
23,658,clock
33,1690,car
21,1090,house
108,1994,tree
24,907,bicycle
18,1391,guitar
21,814,pencil
21,618,clock
9,678,car
4,397,fish
9,742,house
1,247,tree
13,669,bicycle
17,491,guitar
2,186,pencil
3,118,clock
15,3341,car
13,1644,fish
15,3186,house
6,1086,tree
16,2199,bicycle
17,2120,guitar
7,1500,pencil
12,2470,clock
2,384,car
3,517,fish
20,1797,house
14,1306,tree
7,396,bicycle
11,1372,guitar
18,803,pencil
21,1093,clock
15,2251,car
4,437,fish
5,533,house
3,437,tree
29,1390,bicycle
12,1349,guitar
5,662,pencil
10,1127,clock
10,313,car
4,172,fish
7,182,house
4,138,tree
9,306,bicycle
10,593,guitar
4,112,pencil
12,257,clock
6,276,car
6,159,fish
12,213,house
3,158,tree
9,183,bicycle
7,426,guitar
10,167,pencil
21,221,clock
13,569,car
8,424,fish
7,280,house
4,266,tree
12,539,bicycle
10,709,guitar
4,316,pencil
3,202,clock
25,1470,car
41,1319,fish
80,2884,house
24,1373,tree
42,1417,bicycle
22,1338,guitar
11,380,pencil
15,390,clock
20,963,car
17,738,fish
25,1074,house
25,833,tree
24,767,bicycle
17,823,guitar
5,238,pencil
17,547,clock
18,835,car
22,829,fish
9,332,house
10,295,tree
21,338,bicycle
8,688,guitar
9,254,pencil
19,375,clock
5,648,car
5,284,fish
22,394,house
5,421,tree
13,336,bicycle
18,417,guitar
6,111,pencil
20,470,clock
5,430,car
5,310,fish
4,387,house
8,907,tree
9,388,bicycle
8,309,guitar
3,157,pencil
4,207,clock
45,2855,car
11,653,fish
27,2309,house
31,1083,tree
29,1170,bicycle
9,1345,guitar
4,687,pencil
23,1068,clock
16,789,car
9,550,fish
14,599,house
15,698,tree
24,900,bicycle
7,582,guitar
5,213,pencil
14,304,clock
5,525,car
6,532,fish
9,436,house
3,207,tree
7,353,bicycle
13,825,guitar
7,737,pencil
13,306,clock
23,1817,car
13,1170,fish
26,1254,house
23,1300,tree
19,737,bicycle
13,848,guitar
4,351,pencil
22,859,clock
10,619,car
9,293,fish
9,410,house
2,225,tree
16,572,bicycle
5,222,guitar
2,177,pencil
18,368,clock
19,1698,car
11,553,fish
55,3949,house
35,1985,tree
33,4156,bicycle
27,1011,guitar
6,288,pencil
21,691,clock
12,970,car
3,444,fish
9,794,house
3,376,tree
9,732,bicycle
9,1145,guitar
7,810,pencil
7,625,clock
1,259,car
5,325,fish
6,217,house
7,220,tree
9,237,bicycle
9,463,guitar
3,162,pencil
4,157,clock
11,1097,car
31,1680,fish
27,1517,house
10,1059,tree
12,1854,bicycle
12,1689,guitar
7,872,pencil
14,1355,clock
9,914,car
16,603,fish
19,807,house
10,461,tree
3,571,bicycle
4,394,guitar
4,180,pencil
4,127,clock
7,258,car
4,386,fish
5,239,house
3,260,tree
10,165,bicycle
8,304,guitar
5,142,pencil
10,109,clock
22,2177,car
10,803,fish
127,2310,house
53,574,tree
29,3143,bicycle
24,1469,guitar
9,437,pencil
8,586,clock
8,735,car
8,355,fish
7,355,house
3,319,tree
7,321,bicycle
6,576,guitar
6,194,pencil
7,277,clock
12,1291,car
5,678,fish
21,1211,house
17,1230,tree
16,1242,bicycle
11,861,guitar
6,386,pencil
19,801,clock
9,908,car
8,573,fish
30,1184,house
4,242,tree
20,864,bicycle
25,1389,guitar
8,296,pencil
26,722,clock
15,623,car
7,319,fish
28,581,house
5,232,tree
30,957,bicycle
8,416,guitar
8,339,pencil
20,423,clock
3,634,car
9,1175,fish
10,695,house
2,726,tree
8,475,bicycle
13,1142,guitar
7,367,pencil
16,468,clock
7,534,car
3,255,fish
9,530,house
2,217,tree
7,336,bicycle
9,438,guitar
8,343,pencil
6,213,clock
9,497,car
3,118,fish
11,320,house
2,191,tree
19,369,bicycle
5,174,guitar
3,91,pencil
6,175,clock
16,777,car
9,425,fish
11,522,house
3,313,tree
17,403,bicycle
15,492,guitar
20,515,pencil
17,618,clock
10,667,car
9,534,fish
12,718,house
15,823,tree
16,1118,bicycle
15,1156,guitar
9,714,pencil
13,820,clock
4,265,car
2,258,fish
2,249,house
12,717,tree
23,827,bicycle
7,671,guitar
4,390,pencil
3,271,clock
8,653,car
4,355,fish
23,734,house
4,449,tree
26,816,bicycle
30,1319,guitar
12,634,pencil
20,625,clock
19,799,car
24,634,fish
17,612,house
5,368,tree
27,955,bicycle
7,669,guitar
6,245,pencil
24,784,clock
5,928,car
5,359,fish
9,577,house
6,411,tree
9,426,bicycle
7,515,guitar
6,369,pencil
12,696,clock
3,845,car
3,730,fish
12,1103,house
3,427,tree
14,1463,bicycle
22,1498,guitar
9,868,pencil
24,1562,clock
26,1762,car
8,416,fish
23,1075,house
9,379,tree
26,753,bicycle
19,824,guitar
14,448,pencil
22,734,clock
4,717,car
2,168,fish
8,599,house
3,327,tree
17,554,bicycle
12,737,guitar
9,639,pencil
12,514,clock
102,4192,fish
64,5395,house
62,3090,tree
76,7004,bicycle
24,3275,guitar
8,857,pencil
58,2733,clock
15,1456,car
17,1736,fish
48,3497,house
51,2389,tree
66,4753,bicycle
33,4156,guitar
16,1904,pencil
53,3687,clock
16,606,car
14,466,fish
22,929,house
39,1286,tree
27,1098,bicycle
21,1232,guitar
9,624,pencil
21,703,clock
4,695,car
5,194,fish
5,356,house
8,510,tree
8,414,bicycle
6,593,guitar
2,185,pencil
3,167,clock
14,796,car
3,491,fish
10,488,house
4,468,tree
17,1100,bicycle
31,1047,guitar
6,648,pencil
24,862,clock
14,302,car
6,253,fish
10,467,house
9,349,tree
15,281,bicycle
11,365,guitar
5,192,pencil
10,99,clock
12,525,car
6,440,fish
14,699,house
12,302,tree
16,604,bicycle
14,249,guitar
7,371,pencil
17,375,clock
1,358,car
4,394,fish
9,580,house
7,425,tree
11,369,bicycle
9,682,guitar
12,404,pencil
11,213,clock
16,2047,car
9,1172,fish
10,1294,house
3,628,tree
14,1209,bicycle
6,1342,guitar
4,1067,pencil
2,531,clock
21,1154,car
3,141,fish
27,907,house
6,1129,tree
15,561,bicycle
16,1295,guitar
3,267,pencil
3,113,clock
10,656,car
5,421,fish
17,708,house
8,504,tree
24,638,bicycle
23,1185,guitar
7,672,pencil
17,326,clock
13,1163,car
13,514,fish
12,524,house
1,572,tree
11,550,bicycle
19,870,guitar
5,136,pencil
37,524,clock
11,1341,car
6,757,fish
8,787,house
5,576,tree
21,892,bicycle
21,1391,guitar
10,939,pencil
3,86,clock
5,992,car
3,423,fish
10,635,house
2,479,tree
6,484,bicycle
5,883,guitar
3,210,pencil
3,223,clock
22,1952,car
51,2359,fish
25,2635,house
4,232,tree
32,1554,bicycle
9,1442,guitar
5,894,pencil
29,1486,clock
9,1333,car
4,695,fish
21,1364,house
5,1084,tree
10,772,bicycle
12,976,guitar
5,745,pencil
16,1224,clock
7,1214,car
6,410,fish
3,700,house
1,336,tree
10,696,bicycle
14,1307,guitar
2,468,pencil
7,648,clock
10,608,car
7,411,fish
5,280,house
4,215,tree
8,311,bicycle
11,407,guitar
7,144,pencil
7,303,clock
5,459,car
23,865,fish
9,568,house
10,622,tree
12,733,bicycle
12,892,guitar
16,432,pencil
19,659,clock
4,951,car
22,798,fish
28,1874,house
14,1954,tree
18,1040,bicycle
3,716,guitar
4,404,pencil
2,314,clock
9,523,car
11,562,fish
11,281,house
4,247,tree
13,364,bicycle
9,267,guitar
9,359,pencil
8,295,clock
25,1644,car
14,816,fish
21,913,house
13,820,tree
33,1834,bicycle
20,1123,guitar
11,486,pencil
21,628,clock
6,418,car
3,150,fish
4,239,house
3,102,tree
7,192,bicycle
6,359,guitar
2,238,pencil
22,357,clock
3,445,car
7,531,fish
19,597,house
13,491,tree
12,316,bicycle
9,470,guitar
11,349,pencil
7,448,clock
5,511,car
2,220,fish
10,560,house
3,177,tree
9,266,bicycle
21,712,guitar
5,258,pencil
18,242,clock
10,1537,car
4,1577,fish
20,1767,house
15,1361,tree
27,1651,bicycle
20,1374,guitar
13,1189,pencil
8,605,clock
16,417,car
21,265,fish
13,185,house
4,202,tree
13,180,bicycle
12,395,guitar
10,154,pencil
16,133,clock
7,885,car
1,255,fish
13,952,house
3,466,tree
10,801,bicycle
5,811,guitar
6,389,pencil
3,257,clock
16,941,car
13,477,fish
18,666,house
69,1466,tree
11,670,bicycle
9,672,guitar
14,420,pencil
11,456,clock
14,812,car
7,535,fish
21,1471,house
11,1420,tree
18,1464,bicycle
15,1455,guitar
8,650,pencil
21,775,clock
14,1476,car
2,464,fish
7,818,house
2,1016,tree
6,968,bicycle
11,1159,guitar
1,344,pencil
7,695,clock
123,15162,car
123,11273,house
17,1197,bicycle
39,3274,guitar
8,315,clock
5,752,car
5,285,fish
10,835,house
4,487,tree
15,910,bicycle
20,1703,guitar
9,331,pencil
21,708,clock
6,1093,car
2,455,fish
10,1149,house
7,608,tree
22,1189,bicycle
21,2256,guitar
17,1161,pencil
35,1059,clock
3,287,car
4,186,fish
4,250,house
4,152,tree
3,375,bicycle
9,536,guitar
14,310,clock
7,711,car
4,145,fish
6,622,house
30,1065,tree
22,2299,bicycle
9,1104,guitar
10,996,pencil
15,349,clock
24,993,car
6,804,fish
22,636,house
20,1475,tree
9,473,bicycle
8,463,guitar
9,1040,pencil
20,834,clock
13,296,car
6,220,fish
8,247,house
16,287,tree
13,270,bicycle
9,242,guitar
7,196,pencil
5,115,clock
2,694,car
8,312,fish
7,436,house
3,189,tree
14,443,bicycle
8,582,guitar
1,287,pencil
26,294,clock
8,389,car
5,183,fish
9,244,house
17,387,tree
14,395,bicycle
11,475,guitar
4,355,pencil
18,394,clock
40,1920,car
51,1545,fish
32,1442,house
57,1783,tree
34,1757,bicycle
17,984,guitar
5,325,pencil
23,824,clock
13,1127,car
17,1148,fish
26,1306,house
10,446,tree
26,1371,bicycle
14,1056,guitar
6,320,pencil
15,592,clock
3,574,car
5,781,fish
8,550,house
2,657,tree
7,389,bicycle
5,467,guitar
3,266,pencil
5,297,clock
27,541,car
128,1549,fish
18,438,tree
25,481,bicycle
30,752,guitar
14,265,pencil
24,779,clock
3,158,car
3,98,fish
3,190,house
3,153,tree
5,114,bicycle
6,287,guitar
9,157,pencil
14,271,clock
8,488,car
10,761,fish
12,403,house
11,504,tree
13,372,bicycle
6,373,guitar
1,243,pencil
6,604,clock
14,1132,car
10,827,fish
10,490,house
1,446,tree
10,421,bicycle
9,695,guitar
8,350,pencil
8,256,clock
8,615,car
5,453,fish
38,1730,house
19,803,tree
8,334,bicycle
11,576,guitar
2,226,pencil
10,348,clock
7,950,car
7,418,fish
7,674,house
3,366,tree
13,849,bicycle
12,518,guitar
3,225,pencil
7,258,clock
9,398,car
19,333,fish
24,757,house
24,969,tree
20,456,bicycle
11,477,guitar
11,926,car
2,261,fish
19,1293,house
19,1115,tree
11,503,bicycle
5,303,guitar
7,598,pencil
13,371,clock
7,560,car
5,147,fish
7,395,house
25,448,tree
11,308,bicycle
14,403,guitar
12,418,pencil
5,256,clock
5,313,car
6,394,fish
16,610,house
6,468,tree
8,220,bicycle
7,472,guitar
8,246,pencil
15,273,clock
16,1353,car
10,615,fish
9,803,house
7,479,tree
20,1412,bicycle
12,1051,guitar
10,914,pencil
3,203,clock
18,1113,car
6,430,fish
2,227,house
3,91,tree
20,289,bicycle
8,268,guitar
5,55,pencil
13,190,clock
7,1428,car
9,1164,fish
37,1472,house
3,565,tree
15,1346,bicycle
21,1106,guitar
8,519,pencil
3,256,clock
6,628,car
4,297,fish
8,294,house
8,341,tree
8,372,bicycle
14,336,guitar
4,212,pencil
15,205,clock
6,854,car
2,434,fish
30,1722,house
120,1605,tree
35,1406,bicycle
33,1295,guitar
10,438,pencil
9,533,clock
4,333,car
1,67,fish
7,140,house
1,154,tree
5,153,bicycle
6,264,guitar
1,132,pencil
10,200,clock
3,574,car
2,291,fish
5,589,house
5,480,tree
14,2029,bicycle
9,980,guitar
4,467,pencil
11,1414,clock
5,956,car
2,205,fish
5,772,house
2,354,tree
6,358,bicycle
7,228,guitar
1,455,pencil
3,124,clock
2,323,car
6,372,fish
4,261,house
5,356,tree
15,530,bicycle
5,383,guitar
7,275,pencil
14,306,clock
38,2032,car
27,1235,fish
48,2355,house
108,2251,tree
68,3583,bicycle
19,2303,guitar
15,1000,pencil
30,1930,clock
14,1238,car
29,1006,fish
22,1150,house
18,631,tree
58,2231,bicycle
20,1879,guitar
15,1584,pencil
5,552,car
8,309,fish
9,455,house
14,718,tree
6,456,bicycle
6,571,guitar
12,564,pencil
18,819,clock
5,828,car
13,537,fish
15,736,house
11,961,tree
10,360,bicycle
11,758,guitar
9,556,pencil
1,105,clock
7,702,car
3,347,fish
13,569,house
3,900,tree
9,584,bicycle
6,818,guitar
8,450,pencil
3,301,clock
15,940,car
4,389,fish
7,487,house
8,448,tree
25,1067,bicycle
5,654,guitar
5,270,pencil
10,512,clock
8,1211,car
3,340,fish
17,1610,house
4,604,tree
30,1830,bicycle
15,1566,guitar
13,969,pencil
34,1248,clock
8,272,car
12,204,fish
10,262,house
7,346,tree
22,283,bicycle
10,417,guitar
15,374,pencil
24,426,clock
7,238,car
6,140,fish
7,158,house
9,332,tree
7,140,bicycle
6,191,guitar
6,109,pencil
11,90,clock
5,567,car
5,151,fish
6,306,house
4,229,tree
6,252,bicycle
10,384,guitar
3,401,pencil
11,349,clock
22,209,car
18,172,fish
32,216,house
21,102,tree
33,365,bicycle
34,571,guitar
11,210,pencil
31,188,clock
7,807,car
8,640,fish
20,1135,house
3,360,tree
27,1110,bicycle
16,1012,guitar
10,411,pencil
9,408,clock
13,292,car
3,165,fish
14,281,house
78,651,tree
11,394,bicycle
6,288,guitar
9,174,pencil
4,111,clock
6,449,car
10,393,fish
5,365,house
3,394,tree
8,201,bicycle
15,760,guitar
7,178,pencil
16,274,clock
5,465,car
4,294,fish
3,245,house
3,120,tree
9,282,bicycle
4,294,guitar
5,98,pencil
4,75,clock
15,1584,car
9,330,fish
12,412,house
4,377,tree
15,499,bicycle
17,851,guitar
9,355,pencil
10,502,clock
4,501,car
7,404,fish
5,444,house
4,360,tree
10,541,bicycle
17,754,guitar
8,365,pencil
9,403,clock
2,586,car
4,147,fish
7,377,house
3,180,tree
13,421,bicycle
13,742,guitar
7,295,clock
6,1106,car
21,1116,fish
10,803,house
38,960,tree
10,806,bicycle
10,1029,guitar
7,422,pencil
19,830,clock
13,1204,car
6,844,fish
4,404,house
3,314,tree
18,1156,bicycle
9,708,guitar
4,505,pencil
4,362,clock
6,574,car
3,276,fish
1,211,house
3,263,tree
15,1017,bicycle
5,1022,guitar
5,512,pencil
8,394,clock
17,695,car
9,309,fish
8,368,house
24,375,tree
22,435,bicycle
17,624,guitar
6,138,pencil
16,239,clock
21,806,car
7,233,fish
7,134,house
5,314,tree
7,301,bicycle
13,716,guitar
7,292,pencil
2,170,clock
10,667,car
5,332,fish
7,325,house
6,278,tree
10,340,bicycle
8,296,guitar
3,200,pencil
11,297,clock
3,738,car
5,624,fish
17,987,house
13,874,tree
14,1041,bicycle
24,2079,guitar
6,743,pencil
13,968,clock
17,647,car
6,385,fish
14,630,house
10,641,tree
12,541,bicycle
14,550,guitar
7,370,pencil
10,506,clock
44,3225,car
27,1567,fish
34,2595,house
63,2312,tree
39,2097,bicycle
27,1519,guitar
19,1231,pencil
6,656,clock
11,1316,car
9,882,fish
9,441,house
7,355,tree
25,1256,bicycle
31,1456,guitar
10,709,pencil
1,103,clock
5,248,car
3,138,fish
4,199,house
5,162,tree
17,411,bicycle
10,464,guitar
3,131,pencil
7,122,clock
15,1906,car
24,1395,fish
33,1483,house
52,2325,tree
146,3708,bicycle
28,1038,guitar
32,1110,pencil
62,2443,clock
21,1668,car
8,174,fish
40,2340,house
4,748,tree
53,8971,bicycle
34,5970,guitar
17,1988,pencil
77,2252,clock
17,1080,car
2,226,fish
8,550,house
29,1084,tree
23,930,bicycle
16,1114,guitar
12,553,pencil
23,1006,clock
12,511,car
6,509,fish
14,402,house
4,371,tree
8,472,bicycle
7,396,guitar
8,135,pencil
10,203,clock
1,395,car
5,304,fish
7,301,house
3,499,tree
16,784,bicycle
22,1415,guitar
12,333,pencil
14,722,clock
16,1311,car
13,912,fish
19,730,house
25,1105,tree
22,509,bicycle
14,778,guitar
9,465,pencil
13,489,clock
5,730,car
6,694,fish
5,776,house
1,598,tree
9,1172,bicycle
5,642,guitar
3,422,pencil
17,768,clock
8,1180,car
3,392,fish
3,300,house
20,539,tree
11,603,bicycle
10,956,guitar
5,411,pencil
17,606,clock
12,1194,car
6,923,fish
16,1053,house
10,760,tree
19,1749,bicycle
13,1684,guitar
9,819,pencil
18,962,clock
5,1302,car
19,1699,fish
16,764,house
2,753,tree
13,1237,bicycle
14,1889,guitar
10,988,pencil
20,778,clock
6,505,car
9,331,fish
4,142,house
8,360,tree
10,313,bicycle
2,261,guitar
4,85,pencil
2,58,clock
7,1019,car
7,910,fish
4,592,house
3,272,tree
7,867,bicycle
8,781,guitar
1,280,pencil
9,570,clock
7,721,car
6,517,fish
5,534,house
3,342,tree
8,531,bicycle
13,857,guitar
9,1044,pencil
12,712,clock
107,955,car
57,496,fish
111,1732,house
130,1615,tree
92,934,bicycle
19,1456,guitar
33,1345,pencil
31,1559,clock
1,255,car
1,148,fish
7,521,house
4,345,tree
25,548,bicycle
16,874,guitar
7,353,pencil
7,732,car
5,274,fish
9,631,house
8,586,tree
14,455,bicycle
8,1005,guitar
9,465,pencil
11,515,clock
6,911,car
2,297,fish
25,1840,house
13,1189,tree
15,733,bicycle
16,1184,guitar
11,876,pencil
18,785,clock
10,680,car
10,639,fish
10,462,house
13,474,tree
4,273,bicycle
9,279,guitar
4,166,pencil
12,371,clock
9,1381,car
2,219,fish
16,726,house
3,398,tree
11,472,bicycle
20,1414,guitar
12,1687,pencil
14,732,clock
6,177,car
6,394,fish
20,1000,house
11,422,tree
9,378,bicycle
11,620,guitar
7,357,pencil
9,333,clock
5,334,car
4,210,fish
1,145,house
9,473,tree
23,922,bicycle
15,1285,guitar
10,1023,pencil
23,1697,clock
5,649,car
11,591,fish
13,782,house
14,868,tree
12,876,bicycle
12,1240,guitar
5,267,pencil
9,432,clock
5,766,car
3,205,fish
5,613,house
1,471,tree
9,285,bicycle
4,347,guitar
2,207,pencil
2,98,clock
10,1292,car
5,299,fish
8,525,house
5,713,tree
7,481,bicycle
12,1215,guitar
10,728,pencil
20,686,clock
18,1010,car
21,662,fish
10,422,house
13,334,tree
9,586,bicycle
9,619,guitar
7,413,pencil
21,616,clock
6,420,car
3,173,fish
8,186,house
10,340,tree
8,269,bicycle
4,284,guitar
4,226,pencil
12,187,clock
6,909,car
7,518,fish
6,461,house
9,642,tree
12,485,bicycle
17,919,guitar
3,209,pencil
7,184,clock
16,831,car
15,504,fish
15,910,house
9,509,tree
13,648,bicycle
7,837,guitar
6,204,pencil
7,366,clock
9,1109,car
4,436,fish
7,487,house
3,259,tree
15,673,bicycle
7,787,guitar
4,380,pencil
9,510,clock
5,231,car
6,242,fish
6,184,house
9,331,tree
14,334,bicycle
16,722,guitar
7,86,pencil
5,65,clock
21,843,car
10,220,fish
25,1036,house
6,465,tree
26,1121,bicycle
17,1358,guitar
8,478,pencil
10,515,clock
5,549,car
2,380,fish
10,484,house
8,528,tree
9,545,bicycle
8,544,guitar
6,385,pencil
8,330,clock
11,320,car
4,135,fish
9,225,house
19,317,tree
13,863,bicycle
6,455,guitar
11,345,pencil
15,359,clock
6,717,car
3,200,fish
16,624,house
11,374,tree
12,323,bicycle
6,345,guitar
3,215,pencil
13,397,clock
6,1398,car
5,689,fish
5,505,house
2,385,tree
8,1174,bicycle
6,883,guitar
5,499,pencil
3,201,clock
9,876,car
4,718,fish
12,323,house
23,1474,tree
20,1065,bicycle
7,1365,guitar
2,270,pencil
18,1007,clock
29,1555,car
3,423,fish
14,498,house
15,531,tree
37,1794,bicycle
25,1282,guitar
8,255,pencil
2,125,clock
42,6522,car
11,1710,fish
12,1523,tree
35,3892,bicycle
23,2415,guitar
14,2572,pencil
22,2657,clock
23,3023,car
7,1070,fish
10,1799,house
4,1191,tree
11,1601,bicycle
3,1744,guitar
8,1026,pencil
9,1431,clock
7,1723,car
5,840,fish
25,2614,house
3,480,tree
28,3275,bicycle
20,3730,guitar
8,1657,pencil
20,2501,clock
25,1411,car
23,1016,fish
16,997,house
3,248,tree
63,2506,bicycle
41,1338,guitar
9,362,pencil
42,1809,clock
8,788,car
10,642,fish
7,477,house
3,305,tree
20,523,bicycle
5,686,guitar
1,44,pencil
4,148,clock
16,922,car
18,1148,fish
18,1743,house
27,1191,tree
12,772,bicycle
8,704,guitar
5,522,pencil
18,339,clock
6,636,car
8,353,fish
5,386,house
5,426,tree
6,391,bicycle
5,501,guitar
3,218,pencil
8,177,clock
14,496,car
4,357,fish
14,296,house
12,178,tree
7,150,bicycle
4,161,guitar
3,107,pencil
8,148,clock
12,172,car
13,521,fish
10,438,house
19,768,tree
16,333,bicycle
24,852,guitar
3,189,pencil
8,233,clock
14,1005,car
18,549,fish
11,649,house
10,367,tree
22,772,bicycle
8,1147,guitar
3,269,pencil
2,242,clock
5,325,car
4,373,fish
8,308,house
3,297,tree
6,189,bicycle
12,696,guitar
3,246,pencil
19,393,clock
6,601,car
8,459,fish
31,1800,house
7,517,tree
44,1455,bicycle
11,888,guitar
11,764,pencil
9,408,clock
9,1888,car
4,747,fish
11,1526,house
8,959,tree
13,1962,bicycle
21,2549,guitar
5,1001,pencil
2,379,clock
5,500,car
3,389,fish
7,571,house
3,306,tree
9,330,bicycle
9,482,guitar
17,282,pencil
9,360,clock
18,2068,car
13,1021,fish
36,1692,house
80,1769,tree
23,1002,bicycle
6,527,guitar
3,399,pencil
13,706,clock
7,1215,car
14,908,fish
1,160,house
18,1466,tree
10,1060,bicycle
4,441,guitar
3,292,pencil
2,139,clock
4,877,car
2,435,fish
6,354,house
2,656,tree
14,1063,bicycle
8,1412,guitar
4,394,pencil
3,426,clock
3,201,car
3,127,fish
6,378,house
17,664,tree
14,366,bicycle
6,343,guitar
3,114,pencil
2,49,clock
9,819,car
14,500,fish
9,427,house
12,574,tree
14,891,bicycle
27,1170,guitar
8,375,pencil
3,238,clock
10,1445,car
18,1805,fish
16,1856,house
12,1161,tree
8,1226,bicycle
14,1833,guitar
6,1006,pencil
9,913,clock
7,249,car
3,190,fish
8,381,house
9,138,tree
12,208,bicycle
7,296,guitar
7,278,pencil
7,132,clock
16,1025,car
28,1482,house
16,628,tree
33,1267,bicycle
15,747,guitar
8,574,pencil
15,212,clock
9,508,car
16,473,fish
18,551,house
11,608,tree
13,521,bicycle
9,385,guitar
16,262,clock
10,1139,car
13,539,fish
13,428,house
4,276,tree
20,495,bicycle
11,904,guitar
10,401,pencil
24,605,clock
3,292,car
3,222,fish
3,337,house
1,277,tree
7,251,bicycle
8,370,guitar
5,166,pencil
7,196,clock
8,556,car
7,529,fish
10,614,house
14,959,tree
30,1188,bicycle
18,828,guitar
13,889,pencil
5,617,clock
4,532,car
2,312,fish
15,942,house
1,370,tree
22,582,bicycle
12,815,guitar
4,266,pencil
4,166,clock
6,439,car
12,182,fish
23,443,house
3,468,tree
22,294,bicycle
14,373,guitar
12,197,pencil
9,234,clock
8,700,car
13,475,fish
3,325,house
5,212,tree
24,1501,bicycle
14,914,guitar
10,469,pencil
15,547,clock
8,506,car
8,263,fish
8,494,house
7,123,tree
14,410,bicycle
19,583,guitar
11,345,pencil
7,267,clock
18,368,car
5,146,fish
5,272,house
4,184,tree
18,248,bicycle
1,244,guitar
3,154,pencil
5,211,clock
19,624,car
18,535,fish
16,533,house
35,1300,tree
21,514,bicycle
21,453,guitar
11,410,pencil
10,356,clock
86,6592,car
33,1959,fish
30,1750,house
36,2418,tree
64,2975,bicycle
30,2170,guitar
12,1250,pencil
22,1619,clock
7,321,car
6,273,fish
13,379,house
3,181,tree
5,166,bicycle
7,393,guitar
3,123,clock
5,474,car
5,418,fish
17,558,house
3,272,tree
13,558,bicycle
7,610,guitar
8,367,pencil
12,317,clock
4,819,car
7,667,fish
5,522,house
6,533,tree
19,1124,bicycle
19,2275,guitar
7,469,pencil
24,906,clock
10,575,car
3,181,fish
12,431,house
5,519,tree
12,458,bicycle
15,775,guitar
9,476,pencil
2,362,clock
10,1146,car
8,578,fish
6,348,house
3,188,tree
7,460,bicycle
8,876,guitar
7,381,pencil
34,830,clock
16,607,car
5,542,fish
15,303,house
6,336,tree
14,342,bicycle
4,232,guitar
5,218,pencil
3,67,clock
4,718,car
2,772,fish
20,1335,house
18,2013,tree
23,1132,bicycle
16,1199,guitar
12,788,pencil
15,354,clock
6,716,car
22,678,fish
10,445,house
3,259,tree
15,460,bicycle
4,517,guitar
5,151,pencil
12,173,clock
11,638,car
14,532,fish
26,898,house
4,552,tree
17,975,bicycle
21,907,guitar
8,642,pencil
6,283,clock
8,123,car
19,206,fish
18,246,house
15,157,tree
12,204,bicycle
18,230,guitar
7,56,pencil
9,83,clock
17,1168,car
8,405,fish
6,527,house
2,221,tree
14,487,bicycle
7,498,guitar
6,152,pencil
4,183,clock
3,294,car
6,160,fish
2,455,house
2,103,tree
5,390,bicycle
7,324,guitar
3,253,pencil
2,120,clock
7,674,car
3,327,fish
5,294,house
3,238,tree
10,301,bicycle
9,281,guitar
3,203,pencil
14,220,clock
7,416,car
4,162,fish
8,243,house
3,216,tree
3,457,bicycle
1,423,guitar
2,259,pencil
11,966,car
7,368,fish
8,422,house
5,429,tree
22,668,bicycle
12,805,guitar
2,323,pencil
16,388,clock
16,791,car
8,485,fish
10,371,house
4,172,tree
14,308,bicycle
13,280,guitar
7,173,pencil
18,329,clock
9,1285,car
8,980,fish
24,1711,house
11,1420,tree
20,1301,bicycle
21,1674,guitar
15,887,pencil
20,1332,clock
18,1078,car
14,504,fish
14,641,house
16,625,tree
30,1284,bicycle
9,937,guitar
5,453,pencil
10,480,clock
6,675,car
4,529,fish
8,757,house
1,563,tree
11,787,bicycle
8,1182,guitar
6,395,pencil
9,903,clock
6,214,car
21,218,fish
2,129,tree
3,67,bicycle
12,284,guitar
9,140,pencil
6,135,clock
8,1561,car
7,801,fish
13,1328,house
3,973,tree
11,1063,bicycle
7,897,guitar
4,571,pencil
14,628,clock
23,1474,car
13,1248,house
13,1387,tree
19,1707,bicycle
22,2929,guitar
6,468,pencil
29,2516,clock
18,750,car
15,613,fish
30,1512,house
5,371,tree
31,1552,bicycle
8,767,guitar
26,1026,pencil
16,708,clock
6,957,car
2,497,fish
16,1209,house
6,1010,tree
15,974,bicycle
13,1303,guitar
5,374,pencil
15,500,clock
6,860,car
6,369,fish
9,569,house
9,436,tree
21,991,bicycle
16,1042,guitar
7,354,pencil
16,360,clock
17,785,car
14,436,fish
15,480,house
7,479,tree
14,695,bicycle
11,783,guitar
9,356,pencil
9,330,clock
11,881,car
6,801,fish
10,389,house
5,459,tree
9,540,bicycle
10,667,guitar
10,376,pencil
4,371,clock
6,930,car
9,1072,fish
18,1774,house
4,793,tree
6,640,bicycle
4,501,guitar
3,188,pencil
8,1068,clock
7,1108,car
5,670,fish
12,583,house
4,566,tree
11,538,bicycle
9,898,guitar
7,491,pencil
20,825,clock
4,653,car
8,415,fish
6,299,house
6,520,tree
21,650,bicycle
6,563,guitar
3,264,pencil
7,246,clock
1,277,car
5,207,fish
7,235,house
3,275,tree
14,219,bicycle
8,430,guitar
6,116,pencil
3,87,clock
15,1269,car
9,840,fish
8,726,house
3,266,tree
6,781,bicycle
6,1158,guitar
3,317,pencil
14,423,clock
23,1031,car
6,471,fish
11,574,house
9,668,tree
7,538,bicycle
22,1068,guitar
7,257,pencil
30,1035,clock
10,5545,car
6,2687,fish
2,2829,house
3,1559,tree
1,2009,bicycle
7,2025,guitar
5,487,pencil
7,405,clock
6,664,car
5,415,fish
10,436,house
4,342,tree
10,280,bicycle
8,308,guitar
9,253,pencil
3,85,clock
3,232,car
4,179,fish
3,152,house
3,242,tree
5,162,bicycle
6,268,guitar
2,139,pencil
14,178,clock
10,794,car
7,519,fish
23,1126,house
22,1919,tree
14,779,bicycle
13,1168,guitar
7,303,pencil
21,1344,clock
5,434,car
2,137,fish
9,281,house
3,172,tree
9,348,bicycle
7,510,guitar
9,236,pencil
3,68,clock
9,483,car
8,615,fish
11,467,house
3,222,tree
5,386,bicycle
12,780,guitar
12,454,pencil
17,565,clock
4,922,car
10,1292,fish
16,1755,house
4,1038,tree
15,1826,bicycle
9,1679,guitar
5,757,pencil
18,983,clock
18,835,car
10,799,fish
37,1191,house
3,797,tree
19,1024,bicycle
9,533,guitar
10,287,pencil
13,541,clock
5,878,car
5,443,fish
2,429,house
3,343,tree
16,1205,bicycle
6,490,guitar
3,287,pencil
2,208,clock
13,3071,car
5,524,fish
5,693,house
3,388,tree
9,907,bicycle
8,929,guitar
5,301,pencil
6,323,clock
17,854,car
6,635,fish
12,720,house
27,686,tree
21,1278,bicycle
8,875,guitar
7,193,pencil
13,541,clock
5,411,car
8,359,fish
13,417,house
5,423,tree
18,449,bicycle
11,311,guitar
5,135,pencil
5,122,clock
12,903,car
15,428,fish
13,436,house
4,232,tree
7,316,bicycle
6,273,guitar
32,389,pencil
5,69,clock
5,888,car
3,623,fish
4,732,house
3,712,tree
12,1103,bicycle
11,1362,guitar
6,493,pencil
7,495,clock
13,970,car
3,373,fish
9,545,house
3,461,tree
15,676,bicycle
6,863,guitar
5,286,pencil
15,465,clock
5,593,car
4,339,fish
19,604,house
2,496,tree
9,495,bicycle
10,735,guitar
6,350,pencil
4,279,clock
15,678,car
10,440,fish
14,666,house
15,670,tree
27,1112,bicycle
29,786,guitar
13,346,pencil
18,653,clock
14,822,car
6,371,fish
9,425,house
4,516,tree
26,933,bicycle
8,657,guitar
11,388,pencil
21,383,clock
10,926,car
4,581,fish
1,735,house
2,250,tree
6,325,bicycle
11,802,guitar
4,580,pencil
3,240,clock
18,748,car
16,622,fish
23,864,house
6,910,tree
22,847,bicycle
21,1659,guitar
16,467,pencil
69,1588,clock
16,675,car
20,563,fish
12,598,house
11,347,tree
27,1363,bicycle
5,396,guitar
23,1000,pencil
19,630,clock
15,1658,house
5,830,tree
31,1745,bicycle
10,1272,guitar
12,521,pencil
8,765,clock
16,649,car
27,281,fish
8,221,house
14,328,tree
30,265,bicycle
9,723,guitar
23,401,clock
16,1349,car
7,591,fish
12,994,house
13,906,tree
13,1037,bicycle
9,1277,guitar
6,740,pencil
14,473,clock
5,631,car
2,196,fish
6,387,house
17,721,tree
7,327,bicycle
6,613,guitar
5,320,pencil
2,168,clock
12,520,car
5,159,fish
2,150,tree
11,518,bicycle
8,350,guitar
7,192,pencil
4,156,clock
6,266,car
12,947,fish
39,1603,house
37,1479,tree
24,1305,bicycle
44,1948,guitar
13,643,pencil
13,749,clock
7,641,car
6,395,fish
25,1411,house
7,1392,tree
37,1133,bicycle
13,716,guitar
1,156,pencil
16,520,clock
7,271,car
3,47,fish
7,109,house
2,162,tree
7,72,bicycle
6,62,guitar
3,30,pencil
5,39,clock
8,861,car
3,433,fish
5,477,house
25,429,tree
10,728,bicycle
4,685,guitar
2,205,pencil
2,144,clock
3,730,car
8,658,fish
5,368,house
6,465,tree
19,2974,bicycle
7,2098,guitar
7,757,pencil
3,825,clock
12,1725,car
65,1329,fish
26,504,house
16,613,tree
32,656,bicycle
25,878,guitar
12,373,pencil
17,315,clock
3,261,car
3,311,fish
6,307,house
1,262,tree
14,333,bicycle
19,732,guitar
2,252,pencil
8,241,clock
6,417,car
3,588,fish
5,850,house
2,292,tree
18,338,bicycle
5,281,guitar
3,402,pencil
6,578,clock
21,448,car
10,367,fish
12,809,house
3,168,tree
24,610,bicycle
18,585,guitar
8,286,pencil
18,337,clock
23,1016,car
28,1426,fish
43,1490,house
8,483,tree
13,398,bicycle
7,1464,guitar
5,371,pencil
12,424,clock
11,1185,car
5,554,fish
6,481,house
3,375,tree
7,434,bicycle
9,681,guitar
2,266,pencil
5,254,clock
16,1109,car
7,892,fish
16,1266,house
16,795,tree
24,1948,bicycle
16,912,guitar
2,282,pencil
8,293,clock
12,524,car
9,182,fish
15,492,house
3,288,tree
39,820,bicycle
18,1010,guitar
8,534,pencil
18,311,clock
5,993,car
3,648,fish
9,425,house
3,479,tree
19,851,bicycle
10,1046,guitar
4,543,pencil
21,1327,clock
8,743,car
8,570,fish
8,440,house
8,495,tree
10,453,bicycle
18,1000,guitar
5,434,pencil
5,351,clock
11,860,car
7,569,fish
4,403,house
6,307,tree
8,338,bicycle
4,347,guitar
3,196,pencil
5,137,clock
5,884,car
1,234,fish
6,858,house
3,492,tree
10,588,bicycle
10,1150,guitar
3,386,pencil
3,201,clock
13,831,car
12,635,fish
13,679,house
19,1187,tree
21,1429,bicycle
25,779,guitar
17,675,pencil
35,1227,clock
13,1694,car
5,556,fish
5,256,house
22,812,tree
9,658,bicycle
9,1083,guitar
3,468,pencil
2,185,clock
7,829,car
2,186,fish
9,499,house
5,236,tree
8,305,bicycle
7,516,guitar
4,161,pencil
4,168,clock
12,944,car
10,578,fish
17,789,house
4,415,tree
21,780,bicycle
11,673,guitar
5,331,pencil
2,174,clock
14,927,car
7,1066,fish
5,593,house
3,296,tree
17,754,bicycle
15,1072,guitar
4,480,pencil
2,151,clock
6,264,car
11,232,fish
27,673,house
18,329,tree
16,283,bicycle
9,247,guitar
6,144,pencil
12,197,clock
5,654,car
6,1079,fish
3,512,house
24,2008,tree
11,790,bicycle
19,1657,guitar
8,683,pencil
16,500,clock
13,1546,car
6,748,fish
7,802,house
6,674,tree
12,1634,bicycle
5,3463,guitar
14,1102,clock
14,818,car
11,720,fish
31,1108,house
11,1663,tree
21,1706,bicycle
19,1540,guitar
6,715,pencil
42,1071,clock
17,1596,car
7,883,fish
21,1010,house
48,1365,tree
14,1212,bicycle
20,1169,guitar
5,351,pencil
18,1000,clock
3,328,car
3,341,fish
7,532,house
1,363,tree
10,507,bicycle
9,740,guitar
1,264,pencil
13,312,clock
9,1234,car
6,589,fish
10,716,house
6,433,tree
12,1247,bicycle
5,1785,guitar
4,340,pencil
15,1256,clock
3,460,car
3,413,fish
4,236,house
4,183,tree
10,247,bicycle
4,420,guitar
1,136,pencil
3,95,clock
6,508,car
1,145,fish
10,313,house
9,240,tree
15,607,bicycle
5,502,guitar
5,214,pencil
4,266,clock
27,2246,car
7,1478,fish
19,2173,house
6,1302,tree
16,1693,bicycle
21,2586,guitar
6,1108,pencil
29,1825,clock
3,534,car
5,262,fish
32,952,house
3,230,tree
10,382,bicycle
19,650,guitar
10,431,pencil
3,201,clock
14,996,car
4,224,fish
9,437,house
4,349,tree
15,612,bicycle
7,682,guitar
4,154,pencil
12,398,clock
6,961,car
5,725,fish
12,922,house
4,647,tree
23,1472,bicycle
7,1406,guitar
2,390,pencil
13,390,clock
16,1305,car
9,733,fish
21,799,house
16,1830,tree
20,1167,bicycle
36,2873,guitar
10,545,pencil
26,814,clock
11,714,car
5,570,fish
7,704,house
5,347,tree
49,2358,bicycle
17,913,guitar
7,374,pencil
18,658,clock
11,1400,car
10,838,fish
23,4692,house
10,1684,tree
23,2786,bicycle
11,1157,guitar
8,583,pencil
7,612,clock
12,959,car
7,488,fish
13,974,house
7,667,tree
17,936,bicycle
18,1472,guitar
11,513,pencil
16,647,clock
53,4036,car
33,1999,fish
19,827,house
5,1000,tree
72,2389,bicycle
12,2361,guitar
10,566,pencil
9,384,clock
4,412,car
3,345,fish
11,508,house
6,560,tree
9,549,bicycle
12,1108,guitar
5,400,pencil
9,513,clock
5,657,car
1,72,fish
8,430,house
3,333,tree
10,610,bicycle
10,963,guitar
2,309,pencil
3,117,clock
3,573,car
2,275,fish
9,558,house
4,286,tree
8,474,bicycle
6,636,guitar
2,243,pencil
3,201,clock
6,356,car
1,159,fish
23,351,house
4,170,tree
17,675,bicycle
7,440,guitar
10,244,pencil
4,159,clock
8,654,car
7,370,fish
13,551,house
4,384,tree
17,601,bicycle
23,665,guitar
6,300,pencil
16,347,clock
5,808,car
3,388,fish
4,362,house
3,242,tree
5,420,bicycle
3,731,guitar
3,336,pencil
13,384,clock
7,614,car
5,302,fish
19,1049,house
7,378,tree
13,405,bicycle
13,638,guitar
19,315,pencil
18,298,clock
5,773,car
6,556,fish
11,635,house
5,358,tree
6,376,bicycle
5,1062,guitar
5,864,pencil
1,299,clock
27,719,car
10,276,fish
24,640,house
17,398,tree
8,255,bicycle
19,1583,guitar
8,135,pencil
8,853,clock
6,189,car
8,157,fish
10,295,house
21,218,tree
7,201,bicycle
7,252,guitar
3,126,pencil
5,151,clock
4,291,car
3,152,fish
14,235,house
3,113,tree
13,414,bicycle
24,626,guitar
8,220,pencil
5,157,clock
14,1049,car
7,1473,fish
12,675,house
30,2496,tree
21,872,bicycle
15,1469,guitar
7,523,pencil
6,1087,clock
8,993,car
9,836,fish
13,809,house
8,634,tree
19,1161,bicycle
9,673,guitar
6,543,pencil
15,960,clock
22,4385,car
15,3562,fish
17,3074,house
4,1435,tree
25,4786,bicycle
21,5019,guitar
14,2496,pencil
10,3360,clock
15,1638,car
2,475,fish
13,1145,house
2,802,tree
22,1850,bicycle
18,1958,guitar
5,658,pencil
2,365,clock
10,344,car
9,213,fish
4,228,house
3,281,tree
25,357,bicycle
8,292,guitar
7,128,pencil
3,65,clock
10,349,car
4,111,fish
19,235,house
4,235,tree
10,212,bicycle
12,305,guitar
11,239,pencil
9,284,clock
12,872,car
8,714,fish
8,1582,tree
18,1626,bicycle
23,1262,guitar
4,467,pencil
20,464,clock
18,779,car
24,780,fish
14,568,house
5,385,tree
17,685,bicycle
19,885,guitar
7,348,pencil
37,1133,clock
5,570,car
10,536,fish
22,964,house
19,1064,tree
26,607,bicycle
12,442,guitar
8,271,pencil
15,238,clock
6,421,car
10,395,fish
14,368,house
3,172,tree
16,379,bicycle
18,385,guitar
8,317,pencil
14,234,clock
10,1051,car
6,741,fish
24,1326,house
25,860,tree
8,524,bicycle
16,582,guitar
6,570,pencil
19,405,clock
9,851,car
3,350,fish
11,762,house
13,1204,tree
25,1005,bicycle
23,1394,guitar
3,384,pencil
17,761,clock
7,414,car
2,253,fish
5,344,house
2,231,tree
16,507,bicycle
4,241,guitar
3,204,pencil
15,272,clock
7,511,car
4,206,fish
3,244,house
3,112,tree
3,127,bicycle
6,231,guitar
4,156,pencil
4,109,clock
5,2157,car
9,1475,fish
19,2191,house
17,926,tree
17,1770,bicycle
14,1821,guitar
10,951,pencil
4,932,clock
14,861,car
19,413,fish
9,482,house
4,297,tree
6,379,bicycle
5,478,guitar
2,303,pencil
7,170,clock
3,950,car
4,592,fish
5,503,house
3,666,tree
11,600,bicycle
9,554,guitar
1,258,pencil
5,267,clock
74,4182,car
38,2117,fish
70,2304,house
49,2176,tree
29,1164,bicycle
23,1052,guitar
44,1297,pencil
18,625,clock
23,2203,car
3,650,fish
22,1182,house
15,855,tree
7,563,bicycle
17,1971,guitar
14,1143,clock
6,587,car
1,386,fish
24,723,house
5,338,tree
14,681,bicycle
11,594,guitar
5,144,pencil
18,367,clock
3,291,car
8,319,fish
1,151,house
3,303,tree
13,554,bicycle
5,811,guitar
6,483,pencil
7,509,clock
5,946,car
14,590,fish
19,635,house
3,295,tree
10,455,bicycle
8,704,guitar
7,298,pencil
12,208,clock
12,1606,car
4,425,fish
13,986,house
12,700,tree
15,449,bicycle
5,573,guitar
5,521,pencil
8,645,clock
8,396,car
5,333,fish
4,236,house
4,507,tree
8,232,bicycle
9,512,guitar
2,106,pencil
17,343,clock
10,617,car
4,492,fish
7,467,house
5,363,tree
17,504,bicycle
6,648,guitar
6,457,pencil
3,123,clock
5,656,car
2,304,fish
17,549,house
6,449,tree
6,401,bicycle
3,527,guitar
3,182,pencil
2,119,clock
7,407,car
3,198,fish
7,326,house
1,271,tree
8,276,bicycle
4,294,guitar
4,152,pencil
3,106,clock
14,625,car
14,737,fish
12,526,house
18,535,tree
19,467,bicycle
16,564,guitar
9,250,pencil
3,144,clock
5,1006,car
7,811,fish
10,668,house
3,394,tree
28,1198,bicycle
26,1166,guitar
10,530,pencil
21,1110,clock
12,785,car
10,523,fish
9,641,house
5,482,tree
9,734,bicycle
11,1166,guitar
10,437,pencil
4,372,clock
5,579,car
7,243,fish
7,138,house
6,398,tree
7,231,bicycle
6,458,guitar
10,329,pencil
5,181,clock
3,261,car
3,236,fish
4,301,house
1,220,tree
6,258,bicycle
6,581,guitar
2,211,pencil
2,100,clock
24,1997,car
4,221,fish
45,559,house
14,452,tree
35,847,bicycle
86,2206,guitar
29,964,pencil
26,589,clock
23,1588,car
6,511,fish
9,796,house
27,1634,tree
14,1060,bicycle
21,1541,guitar
7,615,pencil
21,745,clock
8,820,car
10,612,fish
3,330,house
3,291,tree
8,454,bicycle
8,442,guitar
6,207,pencil
9,427,clock
6,363,car
3,267,fish
7,214,house
8,453,tree
3,312,bicycle
9,1109,guitar
9,363,pencil
3,131,clock
1,443,car
2,118,fish
5,204,house
4,285,tree
1,20,bicycle
1,42,guitar
2,158,pencil
18,456,clock
6,629,car
2,188,fish
6,501,house
6,331,tree
13,602,bicycle
5,632,guitar
1,208,pencil
8,502,clock
9,1128,car
4,604,fish
8,804,house
15,1255,tree
13,952,bicycle
7,951,guitar
5,388,pencil
15,403,clock
16,1547,car
4,323,fish
18,742,house
11,512,tree
36,1498,bicycle
18,1132,guitar
18,486,pencil
13,808,clock
3,587,car
5,329,fish
14,406,house
8,244,tree
13,473,bicycle
11,576,guitar
7,251,pencil
20,520,clock
5,455,car
2,149,fish
6,566,house
1,289,tree
13,491,bicycle
6,739,guitar
5,464,pencil
4,243,clock
9,813,car
7,414,fish
6,592,house
7,1119,tree
9,869,bicycle
13,857,guitar
8,1009,pencil
5,589,clock
3,336,car
3,345,fish
4,229,house
2,250,tree
9,356,bicycle
7,372,guitar
4,186,pencil
3,204,clock
15,939,car
11,307,fish
25,677,house
16,406,tree
22,581,bicycle
32,993,guitar
6,374,pencil
37,524,clock
3,639,car
6,585,fish
3,437,house
3,315,tree
5,336,bicycle
4,486,guitar
3,368,pencil
3,211,clock
5,689,car
2,242,fish
2,256,house
2,253,tree
7,528,bicycle
5,517,guitar
5,549,pencil
8,420,clock
30,526,car
27,472,fish
26,387,house
23,224,tree
27,417,bicycle
17,356,guitar
8,97,pencil
25,561,clock
6,669,car
4,387,fish
6,246,house
6,362,tree
7,412,bicycle
5,676,guitar
3,157,pencil
3,133,clock
8,658,car
6,649,fish
9,483,house
10,438,tree
12,606,bicycle
7,612,guitar
6,357,pencil
22,453,clock
7,1869,car
4,1013,fish
7,1227,house
5,1738,tree
8,1248,bicycle
14,2010,guitar
9,839,pencil
5,710,clock
11,962,car
52,1593,fish
73,1246,house
125,2329,tree
39,1338,bicycle
40,1393,guitar
14,385,pencil
14,438,clock
12,703,car
9,450,fish
15,782,house
19,761,tree
21,787,bicycle
9,1014,guitar
14,802,pencil
16,751,clock
6,330,car
3,102,fish
1,166,house
9,118,tree
6,121,bicycle
6,305,guitar
2,151,pencil
14,179,clock
8,621,car
9,452,fish
17,367,house
6,133,tree
13,637,bicycle
12,366,guitar
4,241,pencil
23,518,clock
11,521,car
3,341,fish
9,247,house
3,281,tree
13,441,bicycle
9,449,guitar
11,160,pencil
3,169,clock
4,594,car
4,485,fish
1,190,house
12,877,tree
28,681,bicycle
21,698,guitar
5,271,pencil
13,357,clock
3,412,car
4,301,fish
10,1041,house
16,947,tree
20,1376,bicycle
23,1433,guitar
7,379,pencil
2,383,clock
9,1726,car
22,1165,fish
31,2191,house
31,2942,tree
18,1667,bicycle
19,1401,guitar
6,816,pencil
7,357,clock
20,990,car
25,941,fish
33,1695,house
17,1095,tree
25,846,bicycle
7,658,guitar
15,797,pencil
9,781,clock
14,3085,car
6,1802,fish
15,2385,house
3,1138,tree
6,1888,bicycle
10,2243,guitar
8,1341,pencil
10,2286,clock
5,970,car
6,522,fish
7,432,house
7,304,tree
7,373,bicycle
5,547,guitar
4,353,pencil
8,322,clock
4,498,car
3,524,fish
22,1039,house
4,461,tree
11,501,bicycle
8,509,guitar
2,239,pencil
15,435,clock
3,654,car
5,357,fish
4,454,house
3,523,tree
13,798,bicycle
5,472,guitar
2,179,pencil
3,298,clock
9,493,car
5,189,fish
12,374,house
4,237,tree
10,367,bicycle
8,459,guitar
4,179,pencil
22,323,clock
26,784,car
7,347,fish
38,986,house
13,731,tree
24,507,bicycle
7,543,guitar
11,164,pencil
14,336,clock
6,570,car
3,272,fish
7,267,house
5,175,tree
10,493,bicycle
5,313,guitar
5,167,pencil
3,139,clock
7,1152,car
3,510,fish
5,868,house
7,878,tree
9,642,bicycle
5,951,guitar
8,889,pencil
4,246,clock
8,879,car
4,445,fish
10,678,house
4,565,tree
13,1009,bicycle
1,113,guitar
3,307,pencil
16,273,clock
8,547,car
10,403,fish
14,390,house
4,285,tree
15,390,bicycle
15,594,guitar
13,194,pencil
4,115,clock
5,350,car
8,264,fish
5,284,house
15,426,tree
11,474,bicycle
24,465,guitar
2,89,clock
6,680,car
2,314,house
20,576,tree
10,667,bicycle
10,909,guitar
2,304,pencil
4,308,clock
3,519,car
1,394,fish
3,236,house
2,150,tree
9,411,bicycle
7,524,guitar
2,171,pencil
4,130,clock
9,1693,car
4,351,fish
9,685,house
3,251,tree
8,494,bicycle
11,1071,guitar
4,442,pencil
8,365,clock
12,942,car
14,1017,fish
30,1148,house
26,1595,tree
11,870,bicycle
10,866,guitar
20,706,clock
3,501,car
5,432,fish
3,406,house
2,517,tree
29,1624,bicycle
15,1938,guitar
1,386,pencil
1,185,clock
13,1282,car
14,700,fish
15,1061,house
2,447,tree
14,749,bicycle
10,932,guitar
4,231,pencil
8,561,car
3,291,fish
12,753,house
3,346,tree
9,692,bicycle
8,757,guitar
5,486,pencil
22,1139,clock
9,1424,car
8,865,fish
23,1348,house
13,966,tree
20,1476,bicycle
28,2225,guitar
12,802,pencil
1,142,clock
16,547,car
14,748,fish
17,273,house
21,453,tree
28,628,bicycle
26,552,guitar
12,507,pencil
26,970,clock
20,828,car
3,132,fish
14,441,house
31,1287,tree
11,358,bicycle
20,1117,guitar
15,413,pencil
3,80,clock
4,992,car
8,802,fish
10,676,house
17,819,tree
18,1202,bicycle
17,1738,guitar
1,316,pencil
10,633,clock
16,1306,car
6,770,fish
8,684,house
3,454,tree
27,1466,bicycle
18,1699,guitar
5,947,pencil
13,1349,clock
9,449,car
30,658,fish
11,362,house
20,474,tree
27,725,bicycle
11,457,guitar
5,262,pencil
21,635,clock
13,859,car
4,458,fish
12,769,house
5,688,tree
11,448,bicycle
8,581,guitar
3,325,pencil
3,181,clock
3,650,car
10,1315,fish
22,1586,house
11,1232,tree
9,1010,bicycle
9,1163,guitar
5,441,pencil
10,650,clock
17,810,car
12,613,fish
10,519,house
29,1530,tree
20,1254,bicycle
58,2174,guitar
15,474,pencil
36,861,clock
16,2254,car
26,1505,fish
37,4013,house
3,1204,tree
24,6154,bicycle
6,1662,guitar
2,653,pencil
9,827,clock
29,2936,car
65,2412,fish
26,5173,house
24,1503,tree
22,2202,bicycle
38,2638,guitar
15,1148,pencil
24,1665,clock
60,3055,car
28,2787,fish
176,5867,house
132,3621,tree
141,5398,bicycle
44,4804,guitar
36,1419,pencil
115,7321,clock
23,1595,car
60,1506,fish
66,2434,house
8,1570,tree
50,2130,bicycle
13,2223,guitar
37,1119,pencil
48,1219,clock
25,518,car
8,278,fish
11,322,house
8,230,tree
23,828,bicycle
9,560,guitar
12,325,pencil
16,355,clock
53,2250,car
12,361,fish
20,1270,house
28,1948,tree
42,1930,bicycle
21,1422,guitar
15,780,pencil
16,430,clock
14,643,car
19,718,fish
11,231,house
5,229,tree
31,495,bicycle
10,557,guitar
11,129,pencil
3,88,clock
5,813,car
19,1058,fish
20,1159,house
41,2294,tree
6,497,bicycle
12,739,guitar
3,282,pencil
22,656,clock
30,525,car
16,339,fish
40,886,house
24,605,tree
32,624,bicycle
23,458,guitar
41,711,pencil
12,284,clock
14,1014,car
8,779,fish
9,636,house
1,516,tree
13,687,bicycle
9,835,guitar
3,290,pencil
19,770,clock
3,389,car
2,224,fish
25,1618,house
4,260,tree
12,677,bicycle
4,583,guitar
5,373,pencil
3,140,clock
18,793,car
10,407,fish
101,2122,house
12,282,tree
6,364,bicycle
15,1022,guitar
8,285,pencil
14,576,clock
3,390,car
17,864,fish
7,489,house
6,800,tree
13,691,bicycle
6,567,guitar
2,331,pencil
15,413,clock
12,224,car
7,180,fish
11,335,house
6,152,tree
8,177,bicycle
10,203,guitar
6,101,pencil
10,187,clock
9,1099,car
4,568,fish
12,615,house
21,789,tree
17,709,bicycle
5,301,guitar
6,314,pencil
13,432,clock
15,506,car
13,374,fish
44,711,house
40,824,tree
16,349,guitar
14,211,pencil
8,284,clock
6,520,car
4,311,fish
6,198,house
3,154,tree
6,197,bicycle
5,436,guitar
5,219,pencil
6,189,clock
6,604,car
5,277,fish
1,167,house
1,235,tree
9,519,bicycle
5,390,guitar
4,248,pencil
2,94,clock
1,163,car
1,88,fish
6,348,house
2,140,tree
5,178,bicycle
2,167,guitar
1,158,pencil
2,102,clock
6,591,car
3,387,fish
9,512,house
3,302,tree
6,257,bicycle
5,434,guitar
2,179,pencil
3,129,clock
20,1126,car
10,1131,tree
23,1915,bicycle
13,1263,guitar
10,609,pencil
19,799,clock
38,955,car
4,396,fish
29,889,house
4,692,tree
31,985,bicycle
11,872,guitar
9,450,pencil
15,642,clock
8,619,car
5,255,fish
1,184,house
9,279,tree
15,505,bicycle
4,413,guitar
5,378,pencil
8,403,clock
9,648,car
6,556,fish
9,630,house
11,486,tree
23,1052,bicycle
12,864,guitar
6,385,pencil
22,754,clock
7,1314,car
3,616,fish
6,860,house
3,586,tree
15,1795,bicycle
17,1780,guitar
3,986,pencil
2,481,clock
4,571,car
3,227,fish
11,240,house
3,219,tree
9,345,bicycle
3,368,guitar
2,216,pencil
3,90,clock
7,616,car
13,541,fish
10,400,house
3,282,tree
8,337,bicycle
7,607,guitar
4,310,pencil
6,287,clock
14,783,car
4,384,fish
8,511,house
33,429,tree
4,229,bicycle
3,422,guitar
5,246,pencil
16,293,clock
5,718,car
2,329,fish
5,367,house
4,308,tree
9,715,bicycle
7,714,guitar
4,401,pencil
3,214,clock
13,1448,car
4,1276,fish
6,996,house
2,790,tree
13,1062,bicycle
4,1239,guitar
2,630,pencil
3,369,clock
23,1597,car
14,827,fish
24,1779,house
21,1093,tree
21,1441,bicycle
17,1559,guitar
11,729,pencil
23,1493,clock
7,1292,car
3,492,fish
5,821,house
21,1764,tree
17,1150,bicycle
12,882,guitar
1,331,pencil
3,259,clock
3,190,car
3,98,fish
2,78,house
3,93,tree
9,126,bicycle
9,152,guitar
5,115,pencil
8,135,clock
8,416,car
3,315,fish
2,370,house
3,199,tree
6,233,bicycle
2,384,guitar
4,448,pencil
2,100,clock
3,683,car
3,238,fish
7,190,house
8,361,tree
7,243,bicycle
6,372,guitar
1,100,pencil
4,174,clock
4,142,car
1,98,fish
1,135,house
5,116,tree
1,13,pencil
12,711,car
12,525,fish
16,581,house
43,668,tree
4,188,bicycle
6,490,guitar
4,374,pencil
5,231,clock
28,953,car
32,1079,fish
26,1004,house
83,1339,tree
19,948,bicycle
29,1307,guitar
16,728,pencil
36,2456,clock
18,1425,car
10,1137,fish
30,877,house
52,797,tree
14,550,bicycle
14,1370,guitar
15,1006,pencil
21,2474,clock
3,549,car
3,296,fish
5,383,house
3,180,tree
1,290,bicycle
4,457,guitar
2,183,pencil
3,83,clock
3,134,car
3,179,fish
5,122,house
4,217,tree
4,120,bicycle
4,78,guitar
3,138,pencil
5,203,clock
9,893,fish
2,221,house
3,258,tree
5,648,bicycle
4,648,guitar
1,286,pencil
3,190,clock
10,323,car
6,180,house
5,83,tree
1,10,pencil
1,43,clock
13,420,car
9,324,fish
15,177,house
3,126,tree
11,350,bicycle
14,451,guitar
8,112,pencil
3,64,clock
12,645,car
25,507,fish
11,789,house
5,264,tree
18,538,bicycle
17,826,guitar
8,366,pencil
7,434,clock
4,526,car
3,299,fish
7,640,house
6,351,tree
12,522,bicycle
10,590,guitar
2,291,pencil
4,370,clock
15,1035,car
6,442,fish
10,481,house
3,282,tree
13,976,bicycle
18,639,guitar
5,195,pencil
7,264,clock
5,338,car
1,155,fish
2,152,house
2,368,tree
7,265,bicycle
3,397,guitar
3,182,pencil
2,145,clock
3,265,car
3,312,fish
4,65,house
3,74,tree
4,161,bicycle
6,277,guitar
3,63,clock
23,1366,car
5,404,fish
11,670,house
1,636,tree
10,813,bicycle
6,518,guitar
7,545,pencil
3,162,clock
9,483,car
2,248,fish
3,268,house
8,410,tree
6,188,bicycle
3,387,guitar
3,321,pencil
6,120,clock
3,286,car
3,140,fish
1,142,house
3,153,tree
6,177,bicycle
3,177,guitar
10,117,clock
8,524,car
6,173,fish
8,329,tree
19,551,bicycle
6,590,guitar
8,333,pencil
19,362,clock
4,478,car
3,241,fish
5,291,house
5,501,tree
13,608,bicycle
1,91,clock
4,385,car
4,210,fish
2,114,house
3,163,tree
15,603,bicycle
6,272,guitar
5,223,pencil
7,214,clock
34,1126,car
7,457,fish
16,653,house
5,455,tree
33,1601,bicycle
14,931,guitar
4,364,clock
5,337,car
1,129,fish
1,202,house
1,249,tree
6,281,bicycle
13,508,guitar
4,181,pencil
3,102,clock
4,735,car
7,492,fish
6,399,house
8,203,tree
9,235,bicycle
17,604,guitar
12,716,pencil
18,543,clock
1,513,car
2,366,fish
4,475,house
3,442,bicycle
2,142,clock
11,1059,car
7,486,fish
16,954,house
4,289,tree
14,460,bicycle
5,297,guitar
1,70,pencil
10,139,clock
10,908,car
6,460,fish
10,551,house
9,462,tree
10,1051,bicycle
46,1410,guitar
10,485,pencil
10,1225,clock
72,2515,car
35,1349,fish
31,1336,house
24,2615,tree
25,902,bicycle
18,1451,guitar
12,1090,pencil
22,754,clock
3,672,car
6,723,fish
5,262,house
3,228,tree
5,354,bicycle
6,567,guitar
4,380,pencil
3,381,clock
15,470,car
15,488,fish
25,998,house
18,530,tree
21,364,bicycle
5,189,pencil
17,248,clock
13,285,car
3,194,fish
4,305,house
13,184,tree
15,355,guitar
10,399,pencil
1,32,clock
11,1062,car
4,514,fish
3,202,house
6,506,tree
10,511,bicycle
7,450,guitar
4,318,pencil
3,187,clock
7,726,car
3,324,fish
10,449,house
6,235,tree
11,341,bicycle
9,482,guitar
6,314,pencil
19,298,clock
5,333,fish
14,343,house
20,489,tree
17,341,bicycle
24,613,guitar
9,290,pencil
3,229,clock
14,454,car
6,241,fish
4,210,house
5,189,tree
7,132,bicycle
14,426,guitar
5,90,pencil
5,85,clock
1,452,car
1,365,fish
1,314,house
2,376,tree
7,747,bicycle
5,532,guitar
4,788,pencil
2,550,clock
12,950,car
6,295,fish
7,368,house
3,239,tree
7,282,bicycle
9,574,guitar
3,175,pencil
2,122,clock
3,557,car
4,462,fish
1,264,house
3,317,bicycle
6,495,guitar
3,244,pencil
14,505,clock
12,851,car
21,951,fish
9,564,house
27,661,tree
9,353,guitar
6,230,pencil
16,209,clock
9,1005,car
4,472,fish
19,1065,house
3,710,tree
21,1209,bicycle
5,862,guitar
2,573,pencil
26,1476,clock
5,930,car
2,421,fish
4,664,house
2,503,tree
22,989,bicycle
5,537,guitar
2,335,pencil
3,172,clock
3,690,car
4,275,fish
9,423,house
3,241,tree
7,253,bicycle
7,438,guitar
4,201,pencil
4,107,clock
7,1918,car
6,1731,fish
12,1583,house
2,632,tree
20,3312,bicycle
7,2072,guitar
4,918,pencil
16,1685,clock
5,514,car
2,312,fish
3,214,house
2,126,tree
5,344,bicycle
1,194,guitar
1,261,pencil
15,233,clock
8,404,car
4,539,fish
9,491,house
15,843,tree
9,391,bicycle
10,1430,guitar
4,384,pencil
13,825,clock
12,427,car
3,191,fish
8,214,house
4,355,tree
10,317,bicycle
8,297,guitar
3,98,pencil
15,475,clock
7,808,car
24,1369,fish
18,1241,house
67,2594,tree
29,1837,bicycle
19,1219,guitar
17,598,clock
7,1056,car
3,482,fish
7,559,house
3,389,tree
23,909,bicycle
2,638,guitar
5,345,pencil
2,220,clock
17,1678,car
6,276,fish
57,1233,house
76,1194,tree
14,561,bicycle
35,1381,guitar
9,195,pencil
4,730,car
4,487,fish
11,760,house
3,357,tree
14,799,bicycle
6,799,guitar
9,541,pencil
9,506,clock
18,610,car
2,232,fish
8,315,house
2,253,tree
10,260,bicycle
6,283,guitar
4,152,pencil
3,84,clock
8,431,car
7,278,fish
9,87,house
4,207,tree
8,147,bicycle
2,253,guitar
6,93,pencil
14,95,clock
5,1070,car
21,931,fish
32,1370,house
21,883,tree
14,1062,bicycle
39,1595,guitar
4,271,pencil
21,1111,clock
6,766,car
16,683,fish
19,1270,house
14,1187,tree
25,1034,bicycle
13,1136,guitar
24,674,pencil
28,879,clock
3,352,car
4,435,fish
3,267,house
1,268,tree
12,389,bicycle
12,347,guitar
2,102,pencil
7,169,clock
11,468,car
7,197,fish
10,328,house
25,473,tree
19,620,bicycle
9,493,guitar
5,90,pencil
2,128,clock
10,518,car
8,370,fish
29,962,house
4,490,tree
11,645,bicycle
18,886,guitar
7,494,pencil
8,444,clock
6,353,car
11,346,fish
18,384,house
4,229,tree
11,408,bicycle
5,336,guitar
5,197,pencil
14,283,clock
12,505,car
4,248,fish
30,1680,house
8,447,tree
7,433,bicycle
8,577,guitar
2,473,pencil
2,358,clock
8,596,car
8,615,fish
5,334,house
4,157,tree
6,249,bicycle
8,668,guitar
4,449,pencil
10,212,clock
48,1876,car
15,826,fish
7,638,tree
28,1146,bicycle
15,480,guitar
14,771,pencil
13,402,clock
25,593,car
4,163,fish
6,305,house
3,214,tree
9,331,bicycle
9,295,guitar
3,157,pencil
7,151,clock
3,54,fish
2,396,tree
10,135,bicycle
13,419,guitar
12,297,pencil
22,175,clock
9,577,car
4,316,fish
13,386,house
3,253,tree
8,329,bicycle
8,347,guitar
6,204,pencil
14,171,clock
10,842,car
3,167,fish
8,735,house
3,376,tree
8,589,bicycle
12,892,guitar
3,278,pencil
7,422,clock
5,695,car
3,516,fish
1,860,house
3,667,tree
5,360,bicycle
4,907,guitar
6,642,pencil
10,331,clock
4,197,car
2,142,fish
9,569,house
3,178,tree
10,317,bicycle
12,358,guitar
6,196,pencil
3,120,clock
14,1041,car
11,523,fish
7,543,house
4,340,tree
20,959,bicycle
11,647,guitar
9,510,pencil
6,229,clock
2,410,fish
8,485,house
3,203,tree
9,411,bicycle
13,719,guitar
1,165,pencil
9,198,clock
8,404,car
3,368,fish
14,451,house
10,98,tree
8,132,bicycle
10,467,guitar
7,105,pencil
3,57,clock
4,516,car
3,142,fish
4,259,house
3,208,tree
13,424,bicycle
1,62,pencil
19,432,clock
32,1379,car
3,541,fish
29,872,house
9,551,tree
38,1181,bicycle
29,1553,guitar
18,372,pencil
19,1017,clock
8,453,car
6,476,fish
16,518,house
10,423,tree
18,415,bicycle
9,374,guitar
7,201,pencil
15,319,clock
14,946,car
6,597,fish
5,464,house
9,609,tree
20,908,bicycle
18,1363,guitar
8,650,pencil
17,423,clock
11,651,car
7,549,fish
19,589,house
16,724,tree
16,1088,bicycle
16,589,guitar
15,543,pencil
6,203,clock
23,2330,car
20,2030,fish
27,3292,house
26,3118,tree
32,3069,bicycle
8,3210,guitar
6,1323,pencil
1,366,clock
27,1566,car
4,1007,fish
31,1430,house
36,978,tree
51,2938,bicycle
20,2057,guitar
10,886,pencil
10,1837,clock
7,1410,car
4,889,fish
7,908,house
13,1294,tree
18,1360,bicycle
8,1058,guitar
4,727,pencil
16,994,clock
11,1069,car
3,475,fish
11,702,house
5,330,tree
25,1133,bicycle
13,765,guitar
4,328,pencil
16,576,clock
21,589,car
6,783,fish
28,1342,house
3,531,tree
11,1025,bicycle
12,1228,guitar
7,974,pencil
26,672,clock
5,811,car
5,691,fish
7,943,house
3,572,tree
10,703,bicycle
11,613,guitar
8,990,pencil
1,124,clock